id,title,description,product_type,link,image_link,price
"365521","Victron Cargador de batería Orion XS 12V/12V - 50A V2","El Orion XS funciona como cargador de bater&iacute;a CC/CC y fuente de alimentaci&oacute;n, ofreciendo un amplio rango de tensi&oacute;n de entrada y salida. Esto es especialmente importante para veh&iacute;culos con un alternador inteligente Euro 5 o Euro 6, que a menudo no proporciona suficiente tensi&oacute;n de carga incluso con el motor en marcha, o en casos de tendidos de cable largos, habituales en barcos y autocaravanas, que pueden provocar ca&iacute;das de tensi&oacute;n. En estas situaciones, una carga precisa y controlada es esencial para cargar por completo la bater&iacute;a auxiliar y, al mismo tiempo, proteger la bater&iacute;a de arranque frente a una descarga profunda.Peso: 0,45kgVoltaje Entrada: 12V / Voltaje Salida: 12VPotencia: 50W","Electricidad > Convertidores","https://www.francobordo.com/victron-cargador-de-bateria-orion-xs-12v-12v-50a-v2-p-365521.html","https://www.francobordo.com/images/productos/victron-cargador-de-bateria-orion-xs-12v-12v-50a-v2-1-365521.jpeg","359,00 EUR"
"365520","Bomba de sentina manual Johnson Viking Universal 60L","Manual Bomba de Sentina Johnson Viking Universal 60L. Bombas. Especificaciones • Lt/min: 60 • Puertos ø mm: 38 (1"1/2)","Motomarine Nuevos > Pumps","https://www.francobordo.com/bomba-de-sentina-manual-johnson-viking-universal-60l-p-365520.html","https://www.francobordo.com/images/productos/bomba-de-sentina-manual-johnson-viking-universal-6-365520.jpg","236,05 EUR"
"365519","Bomba de sentina Johnson 40L","Manual de la Bomba de Sentina Johnson 40L. Bombas. Especificaciones • Lt/min: 40 • Puertos ø mm: 25-38 (1"- 1"1/2) • Diámetro de corte ø mm: 140","Motomarine Nuevos > Pumps","https://www.francobordo.com/bomba-de-sentina-johnson-40l-p-365519.html","https://www.francobordo.com/images/productos/bomba-de-sentina-johnson-40l-365519.jpg","118,50 EUR"
"365518","Bomba de refrigeración del motor Johnson SPX F7B-9 (10-24014-01)","Bomba de refrigeración de bronce con rodete de neopreno y entradas sin rosca con brida. Referencia Johnson: 10-24014-01 Referencia Jabsco: 9700-21 Aplicación para motores Iveco-Aifo, Perkins, Valmet y VM: • Iveco-Aifo: 806 / 8060 / 8061 / 821 / 8220 / 8361 / CO3M • Perkins: 6.3540M / 6.305 / 6.354 / 6.3543M / 6HD 135-15D/T-H-HT / 6.354LL • Valmet: 311 / 411 / 411 CM-CSM • VM: 114 / 116 MH Especificaciones • L/min: 107 • Ø Puertos: 1"","Agua a Bordo > Bombas de Agua y Accesorios > Bombas para Intrabordas","https://www.francobordo.com/bomba-de-refrigeracion-del-motor-johnson-spx-f7b-9-10-24014-01-p-365518.html","https://www.francobordo.com/images/productos/bomba-de-refrigeraci-n-del-motor-johnson-spx-f7b-9-365518.jpg","823,70 EUR"
"365517","Bomba de refrigeración del motor Johnson SPX F7B-9 (10-24630-04)","Bomba de refrigeraci&oacute;n de bronce con impulsor de neopreno. Referencia Johnson: 10-24014-02. Referencia Vetus: STM 8922. OEM para motores Vetus M2.05 / M2.06 / M2.D5 / M3.09 / M3.28 Especificaciones &bull; Lt/min: 107 &bull; &Oslash; Puertos: 11/4","Agua a Bordo > Bombas de Agua y Accesorios > Bombas para Intrabordas","https://www.francobordo.com/bomba-de-refrigeracion-del-motor-johnson-spx-f7b-9-10-24630-04-p-365517.html","https://www.francobordo.com/images/productos/bomba-de-refrigeraci-n-del-motor-johnson-spx-f7b-9-365517.jpg","495,00 EUR"
"365516","Kit de bomba Johnson Aquajet Wash Down 3.5 820 L 12 V","Kit de bomba de lavado Johnson Aquajet 3.5 820 L 12 V. Bombas. Especificaciones • Ref: Aqua Jet 3.5 • Lt/h: 820 • V: 12","Agua a Bordo > Bombas de Agua y Accesorios > Electricas > Johnson","https://www.francobordo.com/kit-de-bomba-johnson-aquajet-wash-down-35-820-l-12-v-p-365516.html","https://www.francobordo.com/images/productos/kit-de-bomba-johnson-aquajet-wash-down-3-5-820-l-1-365516.jpg","341,70 EUR"
"365515","Interruptor electrónico Johnson 12/24 V","Interruptor electrónico Johnson de 12/24 V. Bombas. Especificaciones • A: 20 • V: 12/24","Agua a Bordo > Bombas de Achique y Accesorios > Interruptores Bombas de Achique","https://www.francobordo.com/interruptor-electronico-johnson-12-24-v-p-365515.html","https://www.francobordo.com/images/productos/interruptor-electr-nico-johnson-12-24-v-365515.jpg","72,60 EUR"
"365514","Interruptor de nivel de agua Johnson 12/24 V","Interruptor de nivel de agua Johnson 12/24 V. Bombas.","Agua a Bordo > Bombas de Achique y Accesorios > Interruptores Bombas de Achique","https://www.francobordo.com/interruptor-de-nivel-de-agua-johnson-12-24-v-p-365514.html","https://www.francobordo.com/images/productos/interruptor-de-nivel-de-agua-johnson-12-24-v-365514.jpg","47,60 EUR"
"365513","Aerador portátil Spx 450 Gph 12 V","Aerador port&aacute;til Spx 450 Gph 12 V. Bombas. Especificaciones &bull; Ref: 450 &bull; Capacidad Lt/min: 28 &bull; Di&aacute;metro &Oslash; mm: 19 &bull; V: 12","Agua a Bordo > Bombas de Achique y Accesorios > Bombas Recirculacion Viveros","https://www.francobordo.com/aerador-portatil-spx-450-gph-12-v-p-365513.html","https://www.francobordo.com/images/productos/aerador-port-til-spx-450-gph-12-v-365513.jpg","86,50 EUR"
"365512","Interruptor electromagnético Spx 24 V","Interruptor electromagnético Spx 24 V. Bombas. Especificaciones • A: 8 • V: 24","Agua a Bordo > Bombas de Achique y Accesorios > Interruptores Bombas de Achique","https://www.francobordo.com/interruptor-electromagnetico-spx-24-v-p-365512.html","https://www.francobordo.com/images/productos/interruptor-electromagn-tico-spx-24-v-365512.jpg","82,40 EUR"
"365511","Bomba de sentina Johnson Aqua Void Combo 800 12 V","Bomba de sentina Johnson Aqua Void Combo 800 12 V. Bombas. Especificaciones • Ref: 800 • Capacidad Lt/min: 50 • Diámetro Ø mm: 20 (3/4") • V: 12","Agua a Bordo > Bombas de Achique y Accesorios > Bombas de Achique Electricas","https://www.francobordo.com/bomba-de-sentina-johnson-aqua-void-combo-800-12-v-p-365511.html","https://www.francobordo.com/images/productos/bomba-de-sentina-johnson-aqua-void-combo-800-12-v-365511.jpg","147,80 EUR"
"365510","Bomba Johnson 750LB 1150 Gph 12 V","Bomba Johnson 750LB 1150 Gph 12 V. Bombas. Especificaciones • Ref: 1250 • Capacidad Lt/min: 73 • Diámetro Ø mm: 28 • V: 12","Agua a Bordo > Bombas de Achique y Accesorios > Bombas de Achique Electricas","https://www.francobordo.com/bomba-johnson-750lb-1150-gph-12-v-p-365510.html","https://www.francobordo.com/images/productos/bomba-johnson-750lb-1150-gph-12-v-365510.jpg","88,25 EUR"
"365509","Bomba automática Johnson Aqua Void 800 Gph 12 V","Bomba automática Johnson Aqua Void 800 Gph 12 V. Bombas. Especificaciones • Ref: 800 • Capacidad Lt/min: 50 • Diámetro Ø mm: 20 (3/4") • V: 12","Agua a Bordo > Bombas de Achique y Accesorios > Bombas de Achique Electricas","https://www.francobordo.com/bomba-automatica-johnson-aqua-void-800-gph-12-v-p-365509.html","https://www.francobordo.com/images/productos/bomba-autom-tica-johnson-aqua-void-800-gph-12-v-365509.jpg","108,10 EUR"
"365508","Bomba Johnson Aqua Void 800 Gph 12 V","Bomba de sentina sumergible Johnson Aqua Void de calidad y durabilidad superiores, con base y cabeza desmontables para facilitar la limpieza. Con sello de cable estanco, fusibles de repuesto y conector Deutsch para la desconexión rápida de la red durante el mantenimiento. Cuerpo termoestable con motor sellado refrigerado por agua y eje de acero inoxidable. Entrada roscada de 3/4 con accesorios de manguera rectos y codo ajustables de 20 mm, incluyendo junta y válvula antirretorno. Dimensiones de la bomba: 70 x 133 x A119 mm. Especificaciones • Ref: 800 • Capacidad Lt/min: 50 • Diámetro Ø mm: 20 (3/4") • V: 12","Agua a Bordo > Bombas de Achique y Accesorios > Bombas de Achique Electricas","https://www.francobordo.com/bomba-johnson-aqua-void-800-gph-12-v-p-365508.html","https://www.francobordo.com/images/productos/bomba-johnson-aqua-void-800-gph-12-v-365508.jpg","67,35 EUR"
"365507","Tanque de aguas grises Johnson-SPX 12/24V","Tanque de aguas grises Johnson-spx 12/24V. Grifos y cabezales de ducha. Especificaciones • Código Johnson SPX: 09-13384 • Dimensiones mm: 350 x 280 x H180 • V: 12/24","Agua a Bordo > Aguas Negras / Grises > Depositos Aguas Negras / Residua","https://www.francobordo.com/tanque-de-aguas-grises-johnson-spx-12-24v-p-365507.html","https://www.francobordo.com/images/productos/tanque-de-aguas-grises-johnson-spx-12-24v-365507.jpg","244,00 EUR"
"365506","Sump de aguas grises Johnson-spx 24V","Sump para aguas grises Johnson-spx 24V. Grifos y cabezales de ducha. Especificaciones • Ref: 972GPH - 61 Lt/min • Dimensiones mm: 290 x 210 x H140 • V: 24","Agua a Bordo > Bombas de Achique y Accesorios > Bombas de Achique Electricas","https://www.francobordo.com/sump-de-aguas-grises-johnson-spx-24v-p-365506.html","https://www.francobordo.com/images/productos/sump-de-aguas-grises-johnson-spx-24v-365506.jpg","241,00 EUR"
"365505","Johnson Y Connection Ø32/32/19mm","Johnson Y Connection Ø32/32/19mm. Accesorios y válvulas. Especificaciones • Para manguera de ø mm: 29/32-29/32-19","Agua a Bordo > Aguas Negras / Grises > Valvulas Derivacion y Ventilacio","https://www.francobordo.com/johnson-y-connection-32-32-19mm-p-365505.html","https://www.francobordo.com/images/productos/johnson-y-connection-32-32-19mm-365505.jpg","10,40 EUR"
"365504","Válvula de retención Johnson Ø19/32mm","Válvula antirretorno Johnson Ø19/32mm. Accesorios y válvulas. Especificaciones • Para manguera de ø mm: 19/32 (3/4" - 1" 1/4)","Agua a Bordo > Aguas Negras / Grises > Valvulas Derivacion y Ventilacio","https://www.francobordo.com/valvula-de-retencion-johnson-19-32mm-p-365504.html","https://www.francobordo.com/images/productos/v-lvula-de-retenci-n-johnson-19-32mm-365504.jpg","21,60 EUR"
"365503","Antirretorno y Filtro de sentina Johnson Ø25/38mm","Colador de sentina Johnson &Oslash; 25/38 mm. Accesorios y v&aacute;lvulas. Especificaciones &bull; Para mangueras &oslash; mm: 19/32 (3/4 - 1 1/4) - 25/38 (1 - 1 1/2)","Agua a Bordo > Aguas Negras / Grises > Valvulas Derivacion y Ventilacio","https://www.francobordo.com/antirretorno-y-filtro-de-sentina-johnson-25-38mm-p-365503.html","https://www.francobordo.com/images/productos/colador-de-sentina-johnson-25-38mm-365503.jpg","31,85 EUR"
"365502","Sifón de descarga Johnson Spx Ø25 mm","Sifón de descarga Johnson Spx Ø25 mm. Inodoros. Especificaciones • Para manguera de ø mm: 25 (1")","Agua a Bordo > Aguas Negras / Grises > Valvulas Derivacion y Ventilacio","https://www.francobordo.com/sifon-de-descarga-johnson-spx-25-mm-p-365502.html","https://www.francobordo.com/images/productos/sif-n-de-descarga-johnson-spx-25-mm-365502.jpg","62,70 EUR"
"365500","Bomba de recirculación Johnson C090 P5-1 12V","Bomba de recirculación Johnson C090 P5-1 12V. Bombas. Especificaciones • Código SPX: 10-24190-1 • Ref: C090P5-1 12V • Capacidad 0,1 bar: 100 l/min • Dimensiones mm: 211 x 117 x H110 • Diámetro Ø mm: 38 (1"½)","Motomarine Nuevos > Pumps","https://www.francobordo.com/bomba-de-recirculacion-johnson-c090-p5-1-12v-p-365500.html","https://www.francobordo.com/images/productos/bomba-de-recirculaci-n-johnson-c090-p5-1-12v-365500.jpg","349,10 EUR"
"365499","Bomba de recirculación Johnson CM10 P7-1 12V","Bomba de recirculación Johnson CM10 P7-1 12V. Bombas. Especificaciones • Cod. SPX: 10-24502-03 • V: 12 • Ref: CM10P7-1 • Puerta 0.1 bar: 18,5 l/min • Dimensiones mm: 177 x 68 x H85 • Diámetro Ø mm: 20 (¾”)","Motomarine Nuevos > Pumps","https://www.francobordo.com/bomba-de-recirculacion-johnson-cm10-p7-1-12v-p-365499.html","https://www.francobordo.com/images/productos/bomba-de-recirculaci-n-johnson-cm10-p7-1-12v-365499.jpg","215,70 EUR"
"365498","Bomba de recirculación Johnson CM10 P7 12V","Bomba de recirculación Johnson CM10 P7 12V. Bombas. Especificaciones • Cod. SPX: 10-24501-03 • V: 12 • Ref: CM10P7-1 • Puerta 0.1 bar: 15 l/min • Dimensiones mm: 177 x 68 x H85 • Diámetro Ø mm: 16 (⅝”)","Motomarine Nuevos > Pumps","https://www.francobordo.com/bomba-de-recirculacion-johnson-cm10-p7-12v-p-365498.html","https://www.francobordo.com/images/productos/bomba-de-recirculaci-n-johnson-cm10-p7-12v-365498.jpg","215,70 EUR"
"365497","Tanque de acumulador Spx 2 L 15mm","Tanque acumulador de agua dulce de Johnson para sistemas de presión de agua dulce. • Capacidad: 2 Lt • Precarga: 0,8 bar Especificaciones • Ø mm: 160 • L mm: 315 • Ø Puertos: 15 mm","Motomarine Nuevos > Pumps","https://www.francobordo.com/tanque-de-acumulador-spx-2-l-15mm-p-365497.html","https://www.francobordo.com/images/productos/tanque-de-acumulador-spx-2-l-15mm-365497.jpg","128,45 EUR"
"365496","Bomba SPX Aquajet Duo System 40L 12V","Bomba SPX Aquajet Duo System 40L 12V. Bombas. Especificaciones • Lt/min: 40 • Ø Puertos: 3/4" • Dimensiones mm: 330 x 300 x H450 • V: 12 • Depósito: 2 Lt","Motomarine Nuevos > Pumps","https://www.francobordo.com/bomba-spx-aquajet-duo-system-40l-12v-p-365496.html","https://www.francobordo.com/images/productos/bomba-spx-aquajet-duo-system-40l-12v-365496.jpg","1.114,80 EUR"
"365495","Bomba SPX Aquajet Sistema Uno 20L 12V","Bomba SPX Aquajet Sistema Uno 20L 12V. Bombas. Especificaciones • Lt/min: 20 • Ø Puertos: 3/4" • Dimensiones mm: 330 x 300 x H350 • V: 12 • Depósito: 2 Lt","Motomarine Nuevos > Pumps","https://www.francobordo.com/bomba-spx-aquajet-sistema-uno-20l-12v-p-365495.html","https://www.francobordo.com/images/productos/bomba-spx-aquajet-sistema-uno-20l-12v-365495.jpg","736,90 EUR"
"365494","Bomba de agua dulce Aqua-jet Uno Max 2.9 12V","Bomba de agua dulce Aqua-jet Uno Max 2.9 12V. Bombas. Especificaciones • Lt/min: 11 • Conexión: ¾" hose • V: 12 • Depósito: 2 Lt","Motomarine Nuevos > Pumps","https://www.francobordo.com/bomba-de-agua-dulce-aqua-jet-uno-max-29-12v-p-365494.html","https://www.francobordo.com/images/productos/bomba-de-agua-dulce-aqua-jet-uno-max-2-9-12v-365494.jpg","494,90 EUR"
"365493","Bomba de agua dulce SPX Flowmaster 20L/M 12V","Bomba de agua dulce SPX Flowmaster 20L/M 12V. Bombas. Especificaciones • Ref: Aqua Jet 5.0 Flow Master • l/min: 19 • Accesorios ø mm: 1/2" • Dimensiones mm: 240 x 210 x H113 • V: 12","Motomarine Nuevos > Pumps","https://www.francobordo.com/bomba-de-agua-dulce-spx-flowmaster-20l-m-12v-p-365493.html","https://www.francobordo.com/images/productos/bomba-de-agua-dulce-spx-flowmaster-20l-m-12v-365493.jpg","443,85 EUR"
"365490","Bomba de extracción de aceite Johnson F3B-19 20 L","Bomba de extracci&oacute;n de aceite Johnson F3B-19 20 L 12 V/24V. Bombas. Especificaciones &bull; Ref: F3B-19 12V / 24V &bull; Lt/min: 21 &bull; Puertos &oslash;: 3/8 &bull; Dimensiones mm: 170 x 100 x H110 &bull; V: 12","Motonautica > Bombas de Combustible y Aceites","https://www.francobordo.com/bomba-de-extraccion-de-aceite-johnson-f3b-19-20-l-p-365490.html","https://www.francobordo.com/images/productos/bomba-de-extracci-n-de-aceite-johnson-f3b-19-20-l-365490.jpg","356,05 EUR"
"365487","Kit de bomba de lavado Johnson Aquajet P5.2 12 V","Kit de bomba de lavado Johnson Aquajet P5.2 de 12 V. Bombas. Especificaciones • Ref: Aqua Jet 5.2 • Lt/h: 1180 • V: 12","Agua a Bordo > Bombas de Agua y Accesorios > Electricas > Johnson","https://www.francobordo.com/kit-de-bomba-de-lavado-johnson-aquajet-p52-12-v-p-365487.html","https://www.francobordo.com/images/productos/kit-de-bomba-de-lavado-johnson-aquajet-p5-2-12-v-365487.jpg","461,20 EUR"
"365485","Bomba Johnson F2 P10-19 15 L","Bomba Johnson F2 P10-19 15 L 12 V y 24V. Bombas. Especificaciones &bull; Ref: F2P10-19 12V /24V &bull; Impulsor: 09-1077B-9 &bull; Dimensiones mm: 172 x 117 x H78 &bull; Conexi&oacute;n: for hose &frac12; / 12 mm","Agua a Bordo > Bombas de Agua y Accesorios > Electricas > Johnson","https://www.francobordo.com/bomba-johnson-f2-p10-19-15-l-p-365485.html","https://www.francobordo.com/images/productos/bomba-johnson-f2-p10-19-15-l-12-v-365485.jpg","256,90 EUR"
"365484","Bomba de agua Johnson","Bombas de agua Johnson en 12 y 24V","Agua a Bordo > Bombas de Agua y Accesorios > Electricas > Johnson","https://www.francobordo.com/bomba-de-agua-johnson-p-365484.html","https://www.francobordo.com/images/productos/bomba-de-agua-johnson-f3b-19-22-l-12-v-365484.jpg","275,70 EUR"
"365483","Sistema de alarma de agua de sentina Johnson de 12 V","Sistema de alarma de agua de sentina Johnson de 12 V. Bombas. Especificaciones • V: 12","Agua a Bordo > Bombas de Achique y Accesorios > Interruptores Bombas de Achique","https://www.francobordo.com/sistema-de-alarma-de-agua-de-sentina-johnson-de-12-v-p-365483.html","https://www.francobordo.com/images/productos/sistema-de-alarma-de-agua-de-sentina-johnson-de-12-365483.jpg","136,85 EUR"
"365482","Panel de control de la bomba de sentina Johnson de 12 V","Panel de control de la bomba de sentina Johnson de 12 V. Especificaciones • V: 12","Agua a Bordo > Bombas de Achique y Accesorios > Interruptores Bombas de Achique","https://www.francobordo.com/panel-de-control-de-la-bomba-de-sentina-johnson-de-12-v-p-365482.html","https://www.francobordo.com/images/productos/panel-de-control-de-la-bomba-de-sentina-johnson-de-365482.jpg","62,50 EUR"
"365481","Bomba automática Johnson 1250 24 V","Bomba automática Johnson 1250 24 V. Bombas. Especificaciones • Ref: 1250 • Capacidad Lt/min: 73 • Diámetro Ø mm: 28 • V: 24","Agua a Bordo > Bombas de Achique y Accesorios > Bombas de Achique Electricas","https://www.francobordo.com/bomba-automatica-johnson-1250-24-v-p-365481.html","https://www.francobordo.com/images/productos/bomba-autom-tica-johnson-1250-24-v-365481.jpg","161,15 EUR"
"365480","Bomba automática Johnson Ultima 800 Gph 12 V","Bomba automática Johnson Ultima 800 Gph 12 V. Bombas. Especificaciones • Ref: 800 • Capacidad Lt/min: 51 • Diámetro Ø mm: 19 • V: 12","Agua a Bordo > Bombas de Achique y Accesorios > Bombas de Achique Electricas","https://www.francobordo.com/bomba-automatica-johnson-ultima-800-gph-12-v-p-365480.html","https://www.francobordo.com/images/productos/bomba-autom-tica-johnson-ultima-800-gph-12-v-365480.jpg","156,70 EUR"
"365479","Johnson Spx Aquah 30L 500W","Johnson Spx Aquah 30L 500W. Acondicionadores de aire, desalinizadores y calderas. Especificaciones • Lt: 30 • L mm: 620 • Ø mm: 325 • Peso kg: 11,5 • Vatio: 500","Agua a Bordo > Calentadores de Agua","https://www.francobordo.com/johnson-spx-aquah-30l-500w-p-365479.html","https://www.francobordo.com/images/productos/johnson-spx-aquah-30l-500w-365479.jpg","828,65 EUR"
"365478","Adaptador de manguera a 90° Ø 19 mm","Adaptador de manguera a 90° Ø 19 mm","Agua a Bordo > Bombas de Achique y Accesorios > Accesorios Bombas de Achique","https://www.francobordo.com/adaptador-de-manguera-a-90-19-mm-p-365478.html","https://www.francobordo.com/images/productos/adaptador-de-manguera-a-90-19-mm-1-365478.jpeg","6,30 EUR"
"365477","Foco LED de repuesto HD de 4 W, 12/24 V","Equipado con 4 LED HD.Potencia equivalente a una bombilla hal&oacute;gena de 35 vatios. Especificaciones&bull; V: 12/24&bull; W: 4,5&bull; lumen: 350&bull; K: 6000&bull; &Aacute;ngulo de haz LED: 45&deg;&bull; Tipo: MR16&bull; &Oslash;: mm","Electricidad > Interruptores y Paneles > Interruptores","https://www.francobordo.com/foco-led-de-repuesto-hd-de-4-w-12-24-v-p-365477.html","https://www.francobordo.com/images/productos/foco-led-de-repuesto-hd-de-4-w-12-24-v-1-365477.jpeg","19,45 EUR"
"365476","Foco LED de repuesto HD de 4 W, 12/24 V","Foco LED de repuesto HD de 4 W, 12/24 V","Electricidad > Interruptores y Paneles > Interruptores","https://www.francobordo.com/foco-led-de-repuesto-hd-de-4-w-12-24-v-p-365476.html","https://www.francobordo.com/images/productos/foco-led-de-repuesto-hd-de-4-w-12-24-v-1-365476.jpeg","19,45 EUR"
"365475","Joystick operado desde consola para la versión Aldebaran","&bull; Body: die-cast aluminium coated with white high-resistance and anti-corrosion resins. 100% watertight.&bull; 2-speed operation with 355&deg; horizontal rotation and 50&deg; vertical rotation.&bull; Combo high-quality LED unit with 54 W consumption, equivalent to a traditional 100 W bulb.&bull; Version with powerful central 40+40 W LED (replaceable in case of breakage).&bull; Dual-function device: spot light with concentrated beam (20&deg;) and flood light with wide beam (45&deg;).&bull; Protection against electronic interference.Headlights can be connected to 2 types of optional controls (independent or combined) for the desired configuration:1) Console-operated joystick. 4.5 m cable included. Additional joystick controls can be installed via the 2-port cable 13.227.51.2) Traditional remote control with bracket for dashboard installation. Range up to 40 m from the lighthouse.","Electricidad > Iluminacion Exterior > Accesorios y Recambios","https://www.francobordo.com/joystick-operado-desde-consola-para-la-version-aldebaran-p-365475.html","https://www.francobordo.com/images/productos/joystick-operado-desde-consola-para-la-version-aldebaran-1-365475.jpeg","119,50 EUR"
"365474","Control remoto inalámbrico de doble velocidad + foco/proyector","&bull; Cuerpo: aluminio fundido con recubrimiento de resinas blancas de alta resistencia y anticorrosivas. 100% estanco.&bull; Funcionamiento de 2 velocidades con rotaci&oacute;n horizontal de 355&deg; y vertical de 50&deg;.&bull; Unidad LED combinada de alta calidad con consumo de 54 W, equivalente a una bombilla tradicional de 100 W.&bull; Versi&oacute;n con potente LED central de 40+40 W (reemplazable en caso de aver&iacute;a).&bull; Dispositivo de doble funci&oacute;n: foco con haz concentrado (20&deg;) y proyector con haz amplio (45&deg;).&bull; Protecci&oacute;n contra interferencias electr&oacute;nicas. Los focos pueden conectarse a 2 tipos de controles opcionales (independientes o combinados) para la configuraci&oacute;n deseada:1) Joystick de consola. Cable de 4,5 m incluido. Controles joystick adicionales pueden instalarse mediante el cable de 2 puertos 13.227.51.2) Mando a dis...","Electricidad > Iluminacion Exterior > Accesorios y Recambios","https://www.francobordo.com/control-remoto-inalambrico-de-doble-velocidad-foco-proyector-p-365474.html","https://www.francobordo.com/images/productos/control-remoto-inalambrico-de-doble-velocidad-foco-proyector-2-365474.png","104,50 EUR"
"365473","Ancla Spade S60 de 9,5 kg de acero galvanizado por inmersión en caliente","Ancla de acero galvanizado con perfil c&oacute;ncavo y resistencia a la carga extremadamente alta, que encuentra de inmediato la posici&oacute;n &oacute;ptima para un fondeo seguro. Su bajo centro de gravedad evita cualquier cabeceo o inestabilidad en todas las condiciones del mar, mientras que el peso concentrado en la punta asegura la penetraci&oacute;n incluso en fondos duros. Una vez tensada la cadena, la ancla gira y se posiciona para ofrecer la m&aacute;xima capacidad de sujeci&oacute;n. El ancla Spade garantiza una capacidad de sujeci&oacute;n excepcional y no c&iacute;clica, a diferencia de las anclas comunes que pueden engancharse y desengancharse seg&uacute;n el viento y la marea. Referencia Peso (Kg) H mm L mm Eslora barco (m) Peso del barco (t) S60 9,5 250 695 &lt; 7,5 &lt; 2 S80 15 285 770 &lt; 12,5 &lt; 6,5 S100 20 330 880 &lt; 16 &lt; 12 S120 25 380 960 &lt; 18 &lt; 16 S14...","Fondeo y Amarre > Anclas y Accesorios > Anclas de Acero Galvanizado","https://www.francobordo.com/ancla-spade-s60-de-95-kg-de-acero-galvanizado-por-inmersion-en-caliente-p-365473.html","https://www.francobordo.com/images/productos/ancla-spade-s60-de-9-5-kg-de-acero-galvanizado-por-365473.jpg","582,70 EUR"
"365472","Interruptor electromagnético Spx de 12 V","Interruptor electromagnético Spx de 12 V. Bombas. Especificaciones • A: 15 • V: 12","Agua a Bordo > Bombas de Achique y Accesorios > Bombas de Achique Electricas","https://www.francobordo.com/interruptor-electromagnetico-spx-de-12-v-p-365472.html","https://www.francobordo.com/images/productos/interruptor-electromagn-tico-spx-de-12-v-365472.jpg","82,40 EUR"
"365471","Bomba de agua Johnson Aqua Void Combo 500 12 V","Bomba de 12 V Johnson Aqua Void Combo 500. Bombas. Especificaciones • Ref: 500 • Capacidad Lt/min: 38 • Borda ø mm: 20 (3/4") • V: 12","Agua a Bordo > Bombas de Achique y Accesorios > Bombas de Achique Electricas","https://www.francobordo.com/bomba-de-agua-johnson-aqua-void-combo-500-12-v-p-365471.html","https://www.francobordo.com/images/productos/bomba-de-agua-johnson-aqua-void-combo-500-12-v-365471.jpg","120,00 EUR"
"365470","Bomba automática Johnson Ultima 600 Gph 12 V","Bomba automática Johnson Ultima 600 Gph 12 V. Especificaciones • Ref: 600 • Capacidad Lt/min: 38 • Borda ø mm: 19 • V: 12","Agua a Bordo > Bombas de Achique y Accesorios > Bombas de Achique Electricas","https://www.francobordo.com/bomba-automatica-johnson-ultima-600-gph-12-v-p-365470.html","https://www.francobordo.com/images/productos/bomba-autom-tica-johnson-ultima-600-gph-12-v-365470.jpg","130,90 EUR"
"365469","Bomba Johnson 550LB 750 Gph 12 V","Bomba Johnson 550LB 750 Gph 12 V. Bombas. Especificaciones • Ref: 750 • Capacidad Lt/min: 50 • Borda ø mm: 19 • V: 12","Agua a Bordo > Bombas de Achique y Accesorios > Bombas de Achique Electricas","https://www.francobordo.com/bomba-johnson-550lb-750-gph-12-v-p-365469.html","https://www.francobordo.com/images/productos/bomba-johnson-550lb-750-gph-12-v-365469.jpg","70,50 EUR"
"365468","Bomba automática Johnson Aqua Void 500 Gph 12 V","Bomba automática Johnson Aqua Void 500 Gph 12 V. Bombas. Especificaciones • Ref: 500 • Capacidad Lt/min: 38 • Borda ø mm: 20 (3/4") • V: 12","Agua a Bordo > Bombas de Achique y Accesorios > Bombas de Achique Electricas","https://www.francobordo.com/bomba-automatica-johnson-aqua-void-500-gph-12-v-p-365468.html","https://www.francobordo.com/images/productos/bomba-autom-tica-johnson-aqua-void-500-gph-12-v-365468.jpg","83,90 EUR"
"365467","Bomba Johnson Aqua Void 500 Gph 12 V","Bomba de sentina sumergible Johnson Aqua Void de calidad y durabilidad superiores, con base y cabeza desmontables para facilitar la limpieza. Cuenta con sellado de cable estanco, fusibles de repuesto y conector Deutsch para una desconexión rápida de la red eléctrica durante el mantenimiento. Cuerpo termoestable con motor sellado refrigerado por agua y eje de acero inoxidable. Entrada roscada de 3/4 con accesorios de manguera rectos y codo ajustables de 20 mm, incluyendo junta y válvula antirretorno. Dimensiones de la bomba: 70 x 133 x A119 mm. Especificaciones • Ref: 500 • Capacidad Lt/min: 38 • Borda ø mm: 20 (3/4") • V: 12","Agua a Bordo > Bombas de Achique y Accesorios > Bombas de Achique Electricas","https://www.francobordo.com/bomba-johnson-aqua-void-500-gph-12-v-p-365467.html","https://www.francobordo.com/images/productos/bomba-johnson-aqua-void-500-gph-12-v-365467.jpg","47,00 EUR"
"365465","Caja de agua gris Johnson-SPX 12V","Sump de aguas grises Johnson-spx 12V. Grifos y cabezales de ducha. Especificaciones &bull; Ref: 972GPH - 61 Lt/min &bull; Dimensiones mm: 290 x 210 x H140 &bull; V: 12","Agua a Bordo > Bombas de Achique y Accesorios > Bombas de Achique Electricas","https://www.francobordo.com/caja-de-agua-gris-johnson-spx-12v-p-365465.html","https://www.francobordo.com/images/productos/sump-de-agua-gris-johnson-spx-12v-365465.jpg","227,60 EUR"
"365464","Johnson Terrmo Calentador Spx Aquah 22L 500W","Termo Calentador Johnson Spx Aquah 22 L 500 W. Especificaciones &bull; Lt: 22 &bull; L mm: 485 &bull; &oslash; mm: 325 &bull; Peso kg: 10,0 &bull; Vatio: 500W","Agua a Bordo > Calentadores de Agua","https://www.francobordo.com/johnson-terrmo-calentador-spx-aquah-22l-500w-p-365464.html","https://www.francobordo.com/images/productos/johnson-spx-aquah-22l-500w-365464.jpg","740,40 EUR"
"365463","Sifón de descarga Johnson Spx Ø38 mm","Sifón de descarga Johnson Spx Ø38 mm. Inodoros. Especificaciones • Para manguera ø mm: 38 (1"1/2)","Agua a Bordo > Aguas Negras / Grises > Valvulas Derivacion y Ventilacio","https://www.francobordo.com/sifon-de-descarga-johnson-spx-38-mm-p-365463.html","https://www.francobordo.com/images/productos/sif-n-de-descarga-johnson-spx-38-mm-365463.jpg","51,45 EUR"
"365462","Pasacascos","Con tope frontal visible en acero inoxidable pulido a espejo, inclinado a 15°. EspecificacionesReferenciaØ mmRosca B mmØ B mmØ C mmD mmE mmVálvula de retención17.329.06382" 1/457769417017.329.07502" 1/457769417017.331.06382" 1/4577694170Sí17.331.07502" 1/4577694170Sí","Osculati Nuevos","https://www.francobordo.com/pasacascos-p-365462.html","https://www.francobordo.com/images/productos/pasacascos-s1295-365462.jpg","17,35 EUR"
"365461","Codo de piel de 90°","Fabricado en nylon, con reborde frontal visible de acero inoxidable pulido y conector de 90° en E. EspecificacionesReferenciaTipoA mmB mmC mmD mmE mm17.328.343/4"2038,553457917.328.351"2540,555518617.328.361" 1/23844.57070107.5","Osculati Nuevos","https://www.francobordo.com/codo-de-piel-de-90-p-365461.html","https://www.francobordo.com/images/productos/codo-de-piel-de-90-s28267-365461.jpg","10,40 EUR"
"365460","Pasacascos","Desagües de nylon blanco con pasacascos, con borde frontal visible de acero inoxidable pulido y adaptador de 90°. EspecificacionesReferenciaVersiónRoscaØ A mmB mmC mmD mm17.322.52Todo nylon1/2"1645423717.322.53Todo nylon1""2044474917.322.54Todo nylon1""2546474917.322.55Todo nylon1""29/3240705617.328.02Nylon con cabeza de acero inoxidable1/2"1645423717.322.56Todo nylon2"3861707417.328.03Nylon con cabeza de acero inoxidable1""2044474917.328.33Nylon con cabeza de acero inoxidable1""2028535217.328.04Nylon con cabeza de acero inoxidable1""2546474917.322.57Todo nylon2"5061907417.328.05Nylon con cabeza de acero inoxidable1""29/3240705617.328.06Nylon con cabeza de acero inoxidable2"3861707417.328.07Nylon con cabeza de acero inoxidable2"50619074","Osculati Nuevos","https://www.francobordo.com/pasacascos-p-365460.html","https://www.francobordo.com/images/productos/pasacascos-s1375-365460.jpg","2,95 EUR"
"365459","Pasacascos con válvula de retención","Fabricado en acero inoxidable AISI 316 pulido espejo, equipado con válvula de retención de goma y conexión a tierra. EspecificacionesReferenciaRoscaLongitud bajo la cabeza mmPaso neto Ø mm17.319.301" 1/2783517.319.312"10042","Osculati Nuevos","https://www.francobordo.com/pasacascos-con-valvula-de-retencion-p-365459.html","https://www.francobordo.com/images/productos/pasacascos-con-valvula-de-retencion-s14583-365459.jpg","48,90 EUR"
"365458","Pasacascos","Modelo largo, fabricado en nylon/fibra de vidrio. EspecificacionesReferenciaØ A mmRosca BØ B mmC mmD mmE mmVersiónVálvula de retención17.319.1719/201" 3/8355486144Con conector de manguerano17.319.1829/321" 3/8355486152Con conector de manguerano17.319.23522" 1/4577345122Con conector de mangueraSí17.319.19382" 1/4577395165Con conector de manguerano17.319.22382" 1/4577395166Con conector de mangueraSí17.327.1419/201" 3/8345886148Cabeza de acero inoxidable con soporte de manguerano17.327.1529/321" 3/8345886157Cabeza de acero inoxidable con soporte de manguerano17.327.16382" 1/4577795172Cabeza de acero inoxidable con soporte de manguerano17.327.19532" 1/4577746126Cabeza de acero inoxidable con soporte de mangueraSí17.319.20381" 1/2487870135Cabeza de acero inoxidable con soporte de mangueraSí17.327.18382" 1/4577795172Cabeza de acero inoxidable con soporte de mangueraSí17.395.451" 1/2 ...","Osculati Nuevos","https://www.francobordo.com/pasacascos-p-365458.html","https://www.francobordo.com/images/productos/pasacascos-s14879-365458.jpg","7,40 EUR"
"365457","Válvula de bola hembra/hembra","Fabricado en polipropileno, equipado con una esfera interna de nailon; resistente y seguro. EspecificacionesReferenciaRosca17.233.021/2"17.233.033/4"17.233.041"17.233.051" 1/417.233.061" 1/2","Osculati Nuevos","https://www.francobordo.com/valvula-de-bola-hembra-hembra-p-365457.html","https://www.francobordo.com/images/productos/valvula-de-bola-hembra-hembra-s1457-365457.jpg","3,30 EUR"
"365456","Adaptador de manguera macho de 90°","EspecificacionesReferenciaRosca17.196.023/8" x 1517.196.041/2" x 2017.196.063/4" x 2517.196.081" x 3017.196.101 1/4" x 38","Osculati Nuevos","https://www.francobordo.com/adaptador-de-manguera-macho-de-90-p-365456.html","https://www.francobordo.com/images/productos/adaptador-de-manguera-macho-de-90-s1337-365456.jpg","4,65 EUR"
"365455","Adaptador de manguera hembra a 90°","Instalar las tuberías cerca de los costados del casco, evitando curvas cerradas en las tuberías. EspecificacionesReferenciaRosca17.194.011/2" x 1817.194.023/4" x 2517.194.031" x 3017.194.041 1/4" x 3817.194.062" x 56","Osculati Nuevos","https://www.francobordo.com/adaptador-de-manguera-hembra-a-90-p-365455.html","https://www.francobordo.com/images/productos/adaptador-de-manguera-hembra-a-90-s1460-365455.jpg","8,85 EUR"
"365454","Conector múltiple de manguera con válvula de retención","Con sistema de conexión rápida. EspecificacionesReferenciaPorta manguera en mm17.176.5613/20/2617.176.5725/32/38","Osculati Nuevos","https://www.francobordo.com/conector-multiple-de-manguera-con-valvula-de-retencion-p-365454.html","https://www.francobordo.com/images/productos/conector-multiple-de-manguera-con-valvula-de-retencion-s20264-365454.jpg","8,35 EUR"
"365453","Adaptador universal con adaptador de manguera","EspecificacionesReferenciaØ mm17.175.3813/16/19/22/25/28,5/32/3817.175.6031/39/45/50/58","Osculati Nuevos","https://www.francobordo.com/adaptador-universal-con-adaptador-de-manguera-p-365453.html","https://www.francobordo.com/images/productos/adaptador-universal-con-adaptador-de-manguera-s35244-365453.jpg","16,45 EUR"
"365452","Desagüe de la cabina con válvula de retención de 90°","Cuerpo fabricado en fibra de acetilo reforzado. Cabeza de acero inoxidable AISI316 con aleta de retención. EspecificacionesReferenciaCabeza Ø mmAdaptador de manguera mm17.126.01873817.126.028751","Osculati Nuevos","https://www.francobordo.com/desague-de-la-cabina-con-valvula-de-retencion-de-90-p-365452.html","https://www.francobordo.com/images/productos/desague-de-la-cabina-con-valvula-de-retencion-de-90-s42101-365452.jpg","41,90 EUR"
"365451","Desagüe empotrado del cockpit","Fabricado con dos piezas de latón cromado.Cuerpo: funciona como un filtro extraíble.Inserto: funciona como un filtro extraíble. EspecificacionesReferenciaVersiónA mmB mmØ C mmØ D mmØ EØ F mm17.119.32Rosca completa806765331" 1/417.119.33Rosca completa806770391" 1/217.119.42Con conector de manguera783665331" 1/43817.119.43Con conector de manguera753370391" 1/245","Osculati Nuevos","https://www.francobordo.com/desague-empotrado-del-cockpit-p-365451.html","https://www.francobordo.com/images/productos/desague-empotrado-del-cockpit-s42038-365451.jpg","40,90 EUR"
"365450","CAFRA MO Sirocco II fan","El flujo de aire puede dirigirse en cualquier dirección - 360°. El ventilador puede plegarse completamente y quedar fuera de la vista contra el panel lateral cuando no está en uso.Funcionamiento: a 12 y 24V.Temporizador de apagado automático: integrado después de 3, 6, 9 y 12 horas. EspecificacionesReferenciaColorVNúmero de velocidadesTemporizador de apagado automáticoCuchillasConsumo a máxima velocidadcm16.755.00blanco12/2433,6,9,12 horas7" (17,8 cm) PE SEGURO DEDOS0,3525x30x7.616.755.01negro12/2433,6,9,12 horas7" (17,8 cm) PE SEGURO DEDOS0,2125x30x7.6","Osculati Nuevos","https://www.francobordo.com/cafra-mo-sirocco-ii-fan-p-365450.html","https://www.francobordo.com/images/productos/cafra-mo-sirocco-ii-fan-s36034-365450.jpg","239,50 EUR"
"365448","Bomba de lavado Whale","Bomba de alto flujo con una presión de 3 barras (45 PSI) y un caudal de 18 l/min, acompañada de una boquilla de gatillo con conector de enchufe. EspecificacionesReferenciaVPresión bar16.700.0612316.700.07243","Osculati Nuevos","https://www.francobordo.com/bomba-de-lavado-whale-p-365448.html","https://www.francobordo.com/images/productos/bomba-de-lavado-whale-s14389-365448.jpg","249,50 EUR"
"365447","Bomba de agua dulce Whale Universal","Bomba muy silenciosa, adecuada para su uso con agua salada.Modelos disponibles: 2, 4 y 6 salidas o duchas (8, 12 o 18 l/min de caudal).Rendimiento: flujo constante y suave, puede funcionar en seco sin daños.Seguridad: protección y seguridad adicionales con cables y interruptor de presión alojados internamente.Características: autocebante hasta 3 metros, pies giratorios que se adaptan a cualquier instalación existente.Accesorios: todos los modelos incluyen un filtro de conexión rápida. EspecificacionesReferenciaVFlujo l/minConsumo APresión barEntradaSalidapeso16.700.0112853Rápido de 15 mmRápido de 15 mm2.416.700.02121283Rápido de 15 mmRápido de 15 mm2.416.700.041218123Rápido de 15 mmRosca macho 3/4"2.916.700.05241883Rápido de 15 mmRosca macho 3/4"3","Osculati Nuevos","https://www.francobordo.com/bomba-de-agua-dulce-whale-universal-p-365447.html","https://www.francobordo.com/images/productos/bomba-de-agua-dulce-whale-universal-s1267-365447.jpg","164,50 EUR"
"365446","Interruptor de panel para las bombas de sentina De Luxe","Interruptor con indicador luminoso en 3 posiciones.Posiciones: automático, manual y apagado.Seguridad: retorno por muelle de manual a apagado.Nota: fusible no incluido. EspecificacionesReferenciaV16.600.121216.600.2424","Osculati Nuevos","https://www.francobordo.com/interruptor-de-panel-para-las-bombas-de-sentina-de-luxe-p-365446.html","https://www.francobordo.com/images/productos/interruptor-de-panel-para-las-bombas-de-sentina-de-luxe-s14501-365446.jpg","70,90 EUR"
"365444","Interruptor automático ecológico para las bombas de sentina","Diseño ecológico libre de mercurio, todo el cableado está fuera del agua.Principio de funcionamiento: a medida que el nivel del agua en la sentina sube, el aire asciende por el tubo de aire conectado al interruptor.Activación: esta presión de aire activa el interruptor que controla la bomba. EspecificacionesReferenciaCapacidad AV16.598.12201216.598.241024","Osculati Nuevos","https://www.francobordo.com/interruptor-automatico-ecologico-para-las-bombas-de-sentina-p-365444.html","https://www.francobordo.com/images/productos/interruptor-automatico-ecologico-para-las-bombas-de-sentina-s1247-365444.jpg","114,50 EUR"
"365443","Conectores rápidos enchufables Europump","Conectores rápidos enchufables para bombas Europump y bombas de agua dulce. EspecificacionesReferenciaTipo16.532.01Rosca recta de 1/2 pulg.16.532.05Ø recto de 14 mm16.532.06Ø recto de 19 mm16.532.21Rosca de 90° de 1/2 pulg.16.532.25Ø de 14 mm a 90°16.532.26Ø de 19 mm a 90°","Osculati Nuevos","https://www.francobordo.com/conectores-rapidos-enchufables-europump-p-365443.html","https://www.francobordo.com/images/productos/conectores-rapidos-enchufables-europump-s1240-365443.jpg","4,75 EUR"
"365442","Bombas de recirculación SuperFlow para sistemas de aire acondicionado","Para ser utilizado en sistemas de aire acondicionado de más de 12.000 BTU.Funcionamiento: Más de 10.000 horas de funcionamiento continuo, bajo nivel de ruido.Resistencia: Puede funcionar en seco con cargas de trabajo normales.Compatibilidad: Puede reemplazar cualquier marca de bombas marinas para sistemas de aire acondicionado. EspecificacionesReferenciaVFrecuencia HzBTU-hFlujo l/minCabeza mVatioEntradaSalida16.531.012206012.00018.52.7553/8" - 3/4"1/4"16.531.022206024.000314.31053/4"1/2"","Osculati Nuevos","https://www.francobordo.com/bombas-de-recirculacion-superflow-para-sistemas-de-aire-acondicionado-p-365442.html","https://www.francobordo.com/images/productos/bombas-de-recirculacion-superflow-para-sistemas-de-aire-acondicionado-s46851-365442.jpg","284,50 EUR"
"365441","Kit de lavado Europump para la cubierta","Bomba de agua 16.518.12/24, completa con filtro, con una pistola de limpieza art. 36.189.00 + 36.189.01 + 36.189.02. Ideal para lavar cubiertas, sentinas, anclas, grupos de hélices, timones y hélices. Protección contra inversión de polaridad. Rodamientos internos de acero inoxidable.Conexiones: 4 racores enchufables (2 x roscas de 1/2 + 1 x adaptador de manguera recto de 14 mm + 1 x adaptador de 90° de 14 mm).Filtración: colador de entrada enchufable. EspecificacionesReferenciaVFlujo l/minConsumo ARepuestos - interruptor de presiónRepuestos - Filtro16.520.1212209[16.540.02][16.533.01]16.520.2424204.5[16.540.02][16.533.01]","Osculati Nuevos","https://www.francobordo.com/kit-de-lavado-europump-para-la-cubierta-p-365441.html","https://www.francobordo.com/images/productos/kit-de-lavado-europump-para-la-cubierta-s1238-365441.jpg","124,50 EUR"
"365440","Autoclave inteligente SuperFlow con 5 válvulas","Autoclave equipado con un sistema electrónico que adapta la velocidad del motor al caudal de agua necesario, sin generar un efecto pulsátil. Muy silencioso, pero capaz de una fuerte succión; puede funcionar en seco, garantizando la máxima fiabilidad.Conector de manguera recto: de 3/4” (19 mm).Conector de manguera en codo: de 90° de 3/4” (19 mm).Racor roscado: de 1/2”.Filtro: con conexión rápida de 3/4”. EspecificacionesReferenciaVCaudal l/mnConsumo APresión máx. PSI/barmmpeso16.515.121218,91070/4,8226x128x1423.316.515.242418,95,570/4,8226x128x1423.3","Osculati Nuevos","https://www.francobordo.com/autoclave-inteligente-superflow-con-5-valvulas-p-365440.html","https://www.francobordo.com/images/productos/autoclave-inteligente-superflow-con-5-valvulas-s45789-365440.jpg","169,50 EUR"
"365434","Filtros de agua lavables Flojet","Conjunto de acoplamientos para bomba Flolet, disponible en dos versiones.Versión A: acoplamientos cónicos enchufables para la entrada de la bomba Flojet. Incluye filtro de 40 mallas para agua dulce y usos generales.Versión B: acoplamientos en línea y soporte de fijación. Tamaño universal para cualquier bomba o bomba de agua dulce. EspecificacionesReferenciaVersiónAccesoriosmm16.408.05B2 desde 12 mm70x5716.408.06B2 x accesorios de 19 mm70x5716.408.02Aaccesión enchufable + adaptador de manguera de 19 mm70x5716.408.03Aaccesión enchufable + adaptador de rosca de 1/2"70x57","Osculati Nuevos","https://www.francobordo.com/filtros-de-agua-lavables-flojet-p-365434.html","https://www.francobordo.com/images/productos/filtros-de-agua-lavables-flojet-s1217-365434.jpg","38,90 EUR"
"365433","Accesorios de repuesto para bombas FLOJET","EspecificacionesReferenciaDimensionesTipouds16.204.071/2"Rosca216.204.061/2"Adaptador de manguera para montaje con abrazadera2","Osculati Nuevos","https://www.francobordo.com/accesorios-de-repuesto-para-bombas-flojet-p-365433.html","https://www.francobordo.com/images/productos/accesorios-de-repuesto-para-bombas-flojet-s1201-365433.jpg","6,75 EUR"
"365432","Extractores de acero inoxidable para rotores de neopreno","Se utiliza para extraer el rotor sin dañar la carcasa de la bomba. EspecificacionesReferenciaPara bombas16.191.01Para bombas de hasta Ø 1”16.191.02Para bombas de más de Ø 1”","Osculati Nuevos","https://www.francobordo.com/extractores-de-acero-inoxidable-para-rotores-de-neopreno-p-365432.html","https://www.francobordo.com/images/productos/extractores-de-acero-inoxidable-para-rotores-de-neopreno-s24155-365432.jpg","96,10 EUR"
"365431","Bomba autocebante para aceite - diésel - líquidos viscosos","La bomba cuenta con un cuerpo de latón y un eje de acero inoxidable, con funcionamiento intermitente. EspecificacionesReferenciaVFlujo l/minConsumo de amperajeRetirada máxima16.190.6012127316.190.61241243","Osculati Nuevos","https://www.francobordo.com/bomba-autocebante-para-aceite-diesel-liquidos-viscosos-p-365431.html","https://www.francobordo.com/images/productos/bomba-autocebante-para-aceite-diesel-liquidos-viscosos-s28398-365431.jpg","124,50 EUR"
"365428","Bomba de aireación SuperFlow para tanques de escorrentía de peces","Certificado CE en cumplimiento con la directiva ISO 8846/8849. Bajo consumo.Unidad de bomba: conector de manguera ajustable a 360°.Mantenimiento: el motor puede desmontarse para su limpieza.Seguridad: equipado con una válvula de retención anti-retorno. EspecificacionesReferenciaVersiónVCaudal máximo l/minConsumo ACabeza mAdaptador de manguera Ø mm90° Hose holder Ø 29 mm OPTIONAL16.161.05montaje interior12513,5319/29[16.128.00]16.161.06montaje interior24512,0319/29[16.128.00]16.161.01en línea12513,5319/29[16.128.00]16.161.02en línea24512,0319/29[16.128.00]16.161.03motor vertical12513,5319/29[16.128.00]16.161.04motor vertical24512,0319/29[16.128.00]","Osculati Nuevos","https://www.francobordo.com/bomba-de-aireacion-superflow-para-tanques-de-escorrentia-de-peces-p-365428.html","https://www.francobordo.com/images/productos/bomba-de-aireacion-superflow-para-tanques-de-escorrentia-de-peces-s43865-365428.jpg","30,90 EUR"
"365427","Bomba centrífuga SuperFlow para la aireación de tanques de peces","Bomba de agua con cuerpo de ABS, eje de acero inoxidable y motor de imán permanente.Cuerpo: de ABS.Eje: de acero inoxidable.Motor: de imán permanente.Mantenimiento: fácil de desmontar y limpiar. EspecificacionesReferenciaVersiónVCaudal máximo l/minConsumo AØ descarga mm16.160.01sumergible12383.01916.160.03mamparo en línea12383.01916.160.05mamparo a 90°12383.019","Osculati Nuevos","https://www.francobordo.com/bomba-centrifuga-superflow-para-la-aireacion-de-tanques-de-peces-p-365427.html","https://www.francobordo.com/images/productos/bomba-centrifuga-superflow-para-la-aireacion-de-tanques-de-peces-s28418-365427.jpg","23,90 EUR"
"365426","Pozo de recogida de aguas grises, con bomba automática SuperFlow","Centraliza todos los desagües (ducha, lavabo, cocina, inodoro, etc.).Tapa de inspección: rápida con cierre a presión.Colador: extraíble. EspecificacionesReferenciaTipo de bombaVConsumo ACaudal máximo l/minAltura máxima mSalida mmEntrada mm16.130.12[16.124.03]123.04831919/25/29/3816.130.24[16.124.04]241.64831919/25/29/38","Osculati Nuevos","https://www.francobordo.com/pozo-de-recogida-de-aguas-grises-con-bomba-automatica-superflow-p-365426.html","https://www.francobordo.com/images/productos/pozo-de-recogida-de-aguas-grises-con-bomba-automatica-superflow-s28395-365426.jpg","54,90 EUR"
"365425","Bomba de sentina sumergible SuperFlow","Especificaciones Referencia V Modelo Caudal m&aacute;ximo l/min Consumo A Cabeza m Adaptador de manguera &Oslash; mm Soporte de manguera 90&deg; OPCIONAL - &Oslash; 19 mm Soporte de manguera 90&deg; OPCIONAL - &Oslash; 29 mm 16.128.01 12 600 38 2,5 2,5 19/29 [16.129.00] [16.128.00] 16.128.05 12 1100 70 4,0 4 25/29 [16.129.00] [16.128.00] 16.128.06 24 1100 70 2,5 4 25/29 [16.129.00] [16.128.00] 16.128.07 12 1500 96 4.5 5 29 [16.129.00] [16.128.00] 16.128.08 24 1500 96 2.5 5 29 [16.129.00] [16.128.00] 16.128.09 12 2000 128 7.5 5.5 29 [16.129.00] [16.128.00] 16.128.10 24 2000 128 4 5.5 29 [16.129.00] [16.128.00]","Agua a Bordo > Bombas de Achique y Accesorios > Bombas de Achique Electricas","https://www.francobordo.com/bomba-de-sentina-sumergible-superflow-p-365425.html","https://www.francobordo.com/images/productos/bomba-de-sentina-sumergible-superflow-s43853-365425.jpg","23,90 EUR"
"365424","Bomba de sentina automática Europump II","Medidor de nivel de combustible extremadamente compacto con sensor electr&oacute;nico integrado. Carcasa: ABS. Eje: acero inoxidable. Consumo: bajo. Montaje: desmontable de la base con un clic. Certificaci&oacute;n: CE emitida por RINA, Directiva europea 2013/53/UE seg&uacute;n la norma ISO 8846. Especificaciones Referencia Tipo V Caudal m&aacute;ximo l/min Consumo A Cabeza m Soporte de manguera (&Oslash; A) mm 16.124.01 G600 12 38 2,5 2,5 19 16.124.03 G750 12 48 3 3 19 16.124.04 G750-24 24 48 1,6 3 19 16.124.05 G1100 12 70 4,0 3,2 29 16.124.06 G1100-24 24 70 2,0 3,2 29","Agua a Bordo > Bombas de Achique y Accesorios > Bombas de Achique Electricas","https://www.francobordo.com/bomba-de-sentina-automatica-europump-ii-p-365424.html","https://www.francobordo.com/images/productos/bomba-de-sentina-automatica-europump-ii-s28415-365424.jpg","30,90 EUR"
"365423","Bomba de sentina automática Elephant","Motor de imanes permanentes certificado CE conforme a la norma ISO 8846. Motor: de imanes permanentes. Eje: de acero inoxidable. Sellado: estanco de los cables el&eacute;ctricos. Modo de funcionamiento: autom&aacute;tico o manual. Especificaciones Referencia Modelo V Caudal m&aacute;ximo l/min Consumo A Adaptador de manguera mm mm 16.123.01 500 12 32 1,8 19 151x78x105 16.123.02 750 12 50 3 19 151x78x105 16.123.03 1100 12 75 4 29 151x78x105","Agua a Bordo > Bombas de Achique y Accesorios > Bombas de Achique Electricas","https://www.francobordo.com/bomba-de-sentina-automatica-elephant-p-365423.html","https://www.francobordo.com/images/productos/bomba-de-sentina-automatica-elephant-s23728-365423.jpg","43,90 EUR"
"365422","Bomba de sentina SumFlow Maxi para inmersión","Especificaciones Referencia Modelo V Caudal m&aacute;ximo l/m Consumo A Altura m&aacute;xima m Di&aacute;metro de la base mm Altura mm Soporte de manguera B &Oslash; mm 16.122.37 3700 12 233 14 6 120 187 52 16.122.38 3700/24 24 233 7 6 120 187 52 16.122.45 4700/12new 12 296 16 6.5 120 187 52 16.122.46 4700/24new 24 296 8 6,5 120 187 52","Agua a Bordo > Bombas de Achique y Accesorios > Bombas de Achique Electricas","https://www.francobordo.com/bomba-de-sentina-sumflow-maxi-para-inmersion-p-365422.html","https://www.francobordo.com/images/productos/bomba-de-sentina-sumflow-maxi-para-inmersion-s45887-365422.jpg","85,90 EUR"
"365421","Bomba de sentina sumergible Europump II","Certificado CE de RINA, Directiva Europea 2013/53/UE, de acuerdo con la norma ISO 8846. Especificaciones Referencia Modelo Europump V Caudal l/min - m&aacute;ximo Caudal l/min - con prevalencia Consumo A Altura m&aacute;xima m Di&aacute;metro de la base mm Altura mm Adaptador de manguera &Oslash; mm 16.122.02 550 12 32 25 4 4.50 60 93 19 16.122.04 1100 12 60 32 5 4,50 60 107 29 16.122.06 1000 12 64 30 5,5 4.50 88 120 29 16.122.07 1000 24 64 30 3,5 4.50 88 120 29 16.122.05 800 12 51 25 5,5 4.50 88 120 19 16.122.10 1500 12 96 46 8 3.10 120 150 29 16.122.11 1500 24 96 46 5 3.10 120 150 29 16.122.14 2000 12 128 65 11 3.50 120 150 29 16.122.15 2000 24 128 65 6 3.50 120 150 29 16.122.18 3000 12 192 100 13 6.00 132 180 32 16.122.19 3000 24 192 100 8 6.00 132 180 32...","Agua a Bordo > Bombas de Achique y Accesorios > Bombas de Achique Electricas","https://www.francobordo.com/bomba-de-sentina-sumergible-europump-ii-p-365421.html","https://www.francobordo.com/images/productos/bomba-de-sentina-sumergible-europump-ii-s21090-365421.jpg","17,45 EUR"
"365417","Bomba de agua dulce accionada electrónicamente CEM","Unidad de bomba de acero inoxidable con sistema de control electrónico de la presión (EPC) que incluye apagado automático para proteger la bomba de un funcionamiento en seco dañino.Monitorización constante: mediante luces indicadoras, luz verde Línea indica que la bomba está en funcionamiento; luz roja Fallo indica que la bomba no está en funcionamiento debido a una anomalía (por ejemplo, agotamiento del agua).Rendimiento: presión de agua constante durante la entrega.Diseño: dimensiones reducidas en comparación con los tanques de presión tradicionales con depósito. EspecificacionesReferenciaVFlujo l/minCabeza mMotor - HPMotor - WMotor - revoluciones/minMotor - AAdaptador de manguerapeso16.064.121245280,43002200331""716.064.242450300,54002600161""716.063.242455420,86002800251""11,516.063.121250350,75202600401""11,5","Osculati Nuevos","https://www.francobordo.com/bomba-de-agua-dulce-accionada-electronicamente-cem-p-365417.html","https://www.francobordo.com/images/productos/bomba-de-agua-dulce-accionada-electronicamente-cem-s35794-365417.jpg","969,00 EUR"
"365416","ALARMA DE NIVEL ALTO DE Sienta","Portafusibles empotrable Rule-A-Matic Plus.Alarma acústica: 85-db.Advertencia: luz de advertencia de detección de agua. EspecificacionesReferenciaV16.033.001216.032.0024","Osculati Nuevos","https://www.francobordo.com/alarma-de-nivel-alto-de-sienta-p-365416.html","https://www.francobordo.com/images/productos/alarma-de-nivel-alto-de-sienta-s1141-365416.jpg","149,50 EUR"
"365413","Ducha de cubierta elegante con cabezal de ducha de botón MIZAR","Cabezal de ducha de latón cromado con carcasa blanca resistente a los rayos UV.Material: latón cromado.Carcasa: blanca, resistente a los rayos UV.Empotramiento: 45 mm. EspecificacionesReferenciamm - empotradomm - dimensiones exterioresEntrada de tuberíaManguera mCabezal de ducha de repuesto15.246.00Ø 70x41.598.5x106PVC de red2,5[15.242.02]15.246.01Ø 70x41.598.5x106PVC de red4[15.242.02]","Osculati Nuevos","https://www.francobordo.com/ducha-de-cubierta-elegante-con-cabezal-de-ducha-de-boton-mizar-p-365413.html","https://www.francobordo.com/images/productos/ducha-de-cubierta-elegante-con-cabezal-de-ducha-de-boton-mizar-s1109-365413.jpg","35,55 EUR"
"365412","Interruptor LED ON-OFF con indicador luminoso","Fabricado en latón cromado con contactos plateados. Mismo diseño que los interruptores 14.918.01/2//5/6. Luz de advertencia integrada en el mando. EspecificacionesReferenciaLuz indicadoraCuello mmV14.955.01Rojo11.5x241214.955.02Verde11.5x2412","Osculati Nuevos","https://www.francobordo.com/interruptor-led-on-off-con-indicador-luminoso-p-365412.html","https://www.francobordo.com/images/productos/interruptor-led-on-off-con-indicador-luminoso-s1095-365412.jpg","23,15 EUR"
"365411","Desconectores de batería / Interruptores de superficie/incrustados Electra HD","Serie de interruptores y selectores que permiten activar/desactivar, combinar y/o separar bancos de baterías para motores y servicios.Aplicación: Para aplicaciones de hasta 48 VCC.Instalación: Compatible con instalaciones en pared externas o empotradas.Cumplimiento: Cumple con la norma UNI EN ISO 8846.Conexión: Salida de cables posible en los 4 lados. EspecificacionesReferenciaModeloCapacidad máxima A - en continuoCapacidad máxima A - intermitenteFuncionesmm14.923.21Interruptor550800ENCENDIDO / APAGADO (1 batería)102x102x9014.923.22Interruptor/Cambiador (MKII)550800APAGADO / Batería 1 / Batería 2 / Batería 1+2 en paralelo102x102x9014.923.23Interruptor/Cambio (MKIII)550800APAGADO - 1 - Conectar servicios y motores con circuitos separados 2 - Paralelo entre servicios y motores102x102x90","Osculati Nuevos","https://www.francobordo.com/desconectores-de-bateria-interruptores-de-superficie-incrustados-electra-hd-p-365411.html","https://www.francobordo.com/images/productos/desconectores-de-bateria-interruptores-de-superficie-incrustados-electra-hd-s46010-365411.jpg","61,15 EUR"
"365410","Combinadores de batería de muy baja caída de voltaje (diodos) y aisladores autom","Permite la carga simultánea de múltiples baterías, dando prioridad a la más descargada.Separación eléctrica: Eléctricamente separa cada batería para evitar que la de mayor carga se descargue en la más descargada.Carcasa: de aluminio, con aletas anchas para una disipación térmica eficaz. EspecificacionesReferenciaBateríasCorriente máxima entregada por bateríaAlternadoresVoltaje máximomm14.922.50270 A1100 V65x127x13614.922.53370 A1100 V65x127x13614.922.542140 A2100 V65x127x23614.922.52470 A2100 V65x127x23614.922.513140 A2100 V65x127x23614.922.552210 A2100 V65x127x236","Osculati Nuevos","https://www.francobordo.com/combinadores-de-bateria-de-muy-baja-caida-de-voltaje-diodos-y-aisladores-autom-p-365410.html","https://www.francobordo.com/images/productos/combinadores-de-bateria-de-muy-baja-caida-de-voltaje-diodos-y-aisladores-autom-s39714-365410.jpg","64,90 EUR"
"365409","Interruptor de 3 posiciones con placa de latón cromado","EspecificacionesReferenciaVersiónCarga máxima ACuello mm14.918.05con dos circuitos separados259.5x3214.918.06con dos circuitos259.5x32","Osculati Nuevos","https://www.francobordo.com/interruptor-de-3-posiciones-con-placa-de-laton-cromado-p-365409.html","https://www.francobordo.com/images/productos/interruptor-de-3-posiciones-con-placa-de-laton-cromado-s14117-365409.jpg","15,00 EUR"
"365408","Interruptor de utilidad","Características del producto:Cuerpo: latón marino.Contactos: plateados.Muelle interno: de bronce.Collar: largo (10x32 mm Ø pasador) para cualquier aplicación.Perilla: cromada con símbolos. EspecificacionesReferenciaVersión14.917.011 - Luces de navegación14.917.022 - Luz de cabeza de mástil14.917.033 - Aspirador de gas14.917.044 - Limpiaparabrisas14.917.055 - Luz de panel14.917.066 - Luz de largo alcance14.917.088 - Bomba de sentina14.917.099 - Neutral","Osculati Nuevos","https://www.francobordo.com/interruptor-de-utilidad-p-365408.html","https://www.francobordo.com/images/productos/interruptor-de-utilidad-s1087-OSCULATI-365408.jpg","11,85 EUR"
"365407","Placa autoadhesiva","Fabricado en aluminio, con serigrafía indeleble, resistente a la corrosión; adecuado para los tipos de interruptores: 14.917/918/938/925.xx. EspecificacionesReferenciaVersiónDiámetro del agujero mm14.916.01Luz de navegación12,514.916.02Luz de cabina12,514.916.03Luz de búsqueda12,514.916.04Ventilador12,514.916.05Luz de ancla12,514.916.06Bomba de sentina12,514.916.07Bomba de agua12,514.916.08Luz de panel12,514.916.09Refrigerador12,514.916.10Limpiaparabrisas12,514.916.11Radio12,514.916.12Claxon12,514.916.13Batería paralela12,514.916.14Flap arriba12,514.916.15Flap abajo12,514.916.16Luz de la brújula12,514.916.17Guinche arriba-abajo12,5","Osculati Nuevos","https://www.francobordo.com/placa-autoadhesiva-p-365407.html","https://www.francobordo.com/images/productos/placa-autoadhesiva-s1086-365407.jpg","2,05 EUR"
"365406","Botón de presión","Conector estanco para aplicaciones náuticas.Material: nylon con anillo y tuerca de latón cromado.Contactos: de latón.Tapa protectora: goma 100% estanca.Cuello: 15 x 28 mm. EspecificacionesReferenciaColor14.910.00NENegro14.910.00ROrojo","Osculati Nuevos","https://www.francobordo.com/boton-de-presion-p-365406.html","https://www.francobordo.com/images/productos/boton-de-presion-s1085-365406.jpg","15,35 EUR"
"365405","Panel de control eléctrico con 14 interruptores","Equipado con voltímetro y amperímetro, y aislador de batería 14.385.00. Equipado con un panel de control LED de alta luminosidad. Los LEDs se iluminan cuando se activa un interruptor. EspecificacionesReferenciaDiseño del gabineteInterruptorFusibles en mmmm14.808.01yate de vela15 A6x30327x28514.809.01yate de velaautomático térmico-magnético “Airpax” 14.736.05; 14.736.10; 14.736.15; 14.736.20327x28514.809.00Motorautomático térmico-magnético “Airpax” 14.736.05; 14.736.10; 14.736.15; 14.736.20327x285","Osculati Nuevos","https://www.francobordo.com/panel-de-control-electrico-con-14-interruptores-p-365405.html","https://www.francobordo.com/images/productos/panel-de-control-electrico-con-14-interruptores-s1076-365405.jpg","619,00 EUR"
"365404","Terminales Faston, preaislados, termorretráctiles, estanques, de 6,3 mm de tamañ","EspecificacionesReferenciaTipoA mmB mmC mmD mmCable mm²uds14.798.01Hembra6,350,8284,91,2/2,510014.798.02Macho6,350,8284,91,2/2,5100","Osculati Nuevos","https://www.francobordo.com/terminales-faston-preaislados-termorretractiles-estanques-de-63-mm-de-taman-p-365404.html","https://www.francobordo.com/images/productos/terminales-faston-preaislados-termorretractiles-estanques-de-6-3-mm-de-taman-s1072-365404.jpg","0,65 EUR"
"365403","Interruptor automático hidráulico/magnético AIRPAX / SENSATA, 2 polos, CA","Para aplicaciones a bordo de 80V. EspecificacionesReferenciaFuente de alimentaciónCapacidad APanel frontal negro en mmFijación conProfundidad mm14.734.05CC MÁX 80 V519x512 tornillos4114.734.10CC MÁX 80 V1019x512 tornillos4114.734.20CC MÁX 80 V2019x512 tornillos4114.734.25CC MÁX 80 V2519x512 tornillos4114.734.30CC MÁX 80 V3019x512 tornillos41","Osculati Nuevos","https://www.francobordo.com/interruptor-automatico-hidraulico-magnetico-airpax-sensata-2-polos-ca-p-365403.html","https://www.francobordo.com/images/productos/interruptor-automatico-hidraulico-magnetico-airpax-sensata-2-polos-ca-s1066-365403.jpg","26,90 EUR"
"365402","Compartimentos integrados","Compartimentos interiores diseñados para el montaje a ras de los aisladores de batería y los interruptores de batería. EspecificacionesReferenciaMaterialVersión del agujeroDiámetro del agujero mmProfundidad del rebaje mmCompartimiento del aislador de batería14.561.02Blanco ABSCircular1437014.561.03Blanco ABSCuadrado149x14990[14.905.00] [14.920.00]","Osculati Nuevos","https://www.francobordo.com/compartimentos-integrados-p-365402.html","https://www.francobordo.com/images/productos/compartimentos-integrados-s1028-365402.jpg","29,85 EUR"
"365401","Bandeja de la batería","La bandeja de batería ofrece características antideslizantes, mantiene la batería en una posición firme y recoge cualquier fuga de ácido. EspecificacionesReferenciaHecho deBaterías de hasta A·hmm14.549.01Caucho negro80280x17714.549.02Caucho negro125355x177","Osculati Nuevos","https://www.francobordo.com/bandeja-de-la-bateria-p-365401.html","https://www.francobordo.com/images/productos/bandeja-de-la-bateria-s1027-365401.jpg","14,05 EUR"
